{"clean_acc": [[0.50985, 0.5181, 0.5118, 0.5145, 0.514, 0.5137, 0.5093, 0.51695, 0.50885, 0.5126, 0.50895], [0.6959, 0.67315, 0.6519, 0.6306, 0.6121, 0.59225, 0.5687, 0.5535, 0.53555, 0.52155, 0.51], [0.80955, 0.7739, 0.7452, 0.711, 0.68025, 0.6519, 0.6203, 0.59335, 0.55995, 0.5305, 0.50925], [0.8885, 0.8462, 0.8059, 0.76845, 0.72755, 0.69365, 0.65355, 0.61515, 0.57435, 0.5338, 0.50965], [0.9384, 0.89235, 0.8471, 0.8064, 0.7581, 0.72185, 0.67345, 0.6282, 0.5843, 0.5443, 0.51035], [0.96685, 0.91695, 0.8689, 0.824, 0.7742, 0.73395, 0.6857, 0.6372, 0.59025, 0.54655, 0.51115], [0.983, 0.93215, 0.8823, 0.8367, 0.78585, 0.74255, 0.6923, 0.6431, 0.5938, 0.5478, 0.51085], [0.9905, 0.93965, 0.88915, 0.8433, 0.7915, 0.74695, 0.69655, 0.6457, 0.5959, 0.5483, 0.51105], [0.99565, 0.9443, 0.8937, 0.84735, 0.7956, 0.75025, 0.6999, 0.64785, 0.59755, 0.55085, 0.5112], [0.9979, 0.9469, 0.89555, 0.84895, 0.79735, 0.75185, 0.70145, 0.64895, 0.59775, 0.5516, 0.51085], [0.99915, 0.9483, 0.8971, 0.84995, 0.79905, 0.7528, 0.70185, 0.65, 0.59805, 0.55205, 0.5109], [0.99945, 0.9488, 0.89775, 0.85075, 0.7996, 0.7534, 0.7022, 0.65085, 0.59795, 0.5523, 0.51045], [0.99965, 0.949, 0.89785, 0.85095, 0.79985, 0.7534, 0.7022, 0.6508, 0.59865, 0.55285, 0.5106]], "difficulty": [[0.00587, 0.00569, 0.00408, 0.00658, 0.00971, 0.00839, 0.00845, 0.01273, 0.01319, 0.01215, 0.01196], [0.0384, 0.02977, 0.02727, 0.02416, 0.02111, 0.01849, 0.01465, 0.01562, 0.01386, 0.01084, 0.01111], [0.08461, 0.07057, 0.06087, 0.05159, 0.04282, 0.03809, 0.02864, 0.02475, 0.01652, 0.01121, 0.01043], [0.1213, 0.09712, 0.08983, 0.07993, 0.06112, 0.05397, 0.04205, 0.03433, 0.02257, 0.01263, 0.00981], [0.1454, 0.13859, 0.11781, 0.09593, 0.08406, 0.07058, 0.05493, 0.04297, 0.02753, 0.01565, 0.00972], [0.17318, 0.15382, 0.13425, 0.11556, 0.10028, 0.08502, 0.06771, 0.05152, 0.03442, 0.01688, 0.00913], [0.18415, 0.16323, 0.14996, 0.12863, 0.1123, 0.09839, 0.07615, 0.05919, 0.03915, 0.0192, 0.00859], [0.19307, 0.1757, 0.1606, 0.14406, 0.12407, 0.10647, 0.0834, 0.06658, 0.04433, 0.02174, 0.00819], [0.19872, 0.18066, 0.16785, 0.15005, 0.13665, 0.11466, 0.09145, 0.07181, 0.04711, 0.02395, 0.00822], [0.21135, 0.19355, 0.17168, 0.15872, 0.13721, 0.11923, 0.09694, 0.07608, 0.05043, 0.026, 0.00799], [0.21325, 0.19863, 0.18524, 0.16408, 0.14383, 0.12308, 0.10206, 0.0799, 0.05329, 0.02764, 0.00801], [0.21728, 0.20631, 0.19315, 0.16669, 0.14976, 0.12867, 0.10653, 0.0836, 0.056, 0.02937, 0.0081], [0.22052, 0.20999, 0.19514, 0.17223, 0.15408, 0.13271, 0.10899, 0.08649, 0.05876, 0.03046, 0.008]]}